band_index,date,year,DOY,MODIS_composite_index,days_since_base_plus_one
1,2001-01-01,2001,1,1,1
2,2001-01-17,2001,17,2,17
3,2001-02-02,2001,33,3,33
4,2001-02-18,2001,49,4,49
5,2001-03-06,2001,65,5,65
6,2001-03-22,2001,81,6,81
7,2001-04-07,2001,97,7,97
8,2001-04-23,2001,113,8,113
9,2001-05-09,2001,129,9,129
10,2001-05-25,2001,145,10,145
11,2001-06-10,2001,161,11,161
12,2001-06-26,2001,177,12,177
13,2001-07-12,2001,193,13,193
14,2001-07-28,2001,209,14,209
15,2001-08-13,2001,225,15,225
16,2001-08-29,2001,241,16,241
17,2001-09-14,2001,257,17,257
18,2001-09-30,2001,273,18,273
19,2001-10-16,2001,289,19,289
20,2001-11-01,2001,305,20,305
21,2001-11-17,2001,321,21,321
22,2001-12-03,2001,337,22,337
23,2001-12-19,2001,353,23,353
24,2002-01-01,2002,1,1,366
25,2002-01-17,2002,17,2,382
26,2002-02-02,2002,33,3,398
27,2002-02-18,2002,49,4,414
28,2002-03-06,2002,65,5,430
29,2002-03-22,2002,81,6,446
30,2002-04-07,2002,97,7,462
31,2002-04-23,2002,113,8,478
32,2002-05-09,2002,129,9,494
33,2002-05-25,2002,145,10,510
34,2002-06-10,2002,161,11,526
35,2002-06-26,2002,177,12,542
36,2002-07-12,2002,193,13,558
37,2002-07-28,2002,209,14,574
38,2002-08-13,2002,225,15,590
39,2002-08-29,2002,241,16,606
40,2002-09-14,2002,257,17,622
41,2002-09-30,2002,273,18,638
42,2002-10-16,2002,289,19,654
43,2002-11-01,2002,305,20,670
44,2002-11-17,2002,321,21,686
45,2002-12-03,2002,337,22,702
46,2002-12-19,2002,353,23,718
47,2003-01-01,2003,1,1,731
48,2003-01-17,2003,17,2,747
49,2003-02-02,2003,33,3,763
50,2003-02-18,2003,49,4,779
51,2003-03-06,2003,65,5,795
52,2003-03-22,2003,81,6,811
53,2003-04-07,2003,97,7,827
54,2003-04-23,2003,113,8,843
55,2003-05-09,2003,129,9,859
56,2003-05-25,2003,145,10,875
57,2003-06-10,2003,161,11,891
58,2003-06-26,2003,177,12,907
59,2003-07-12,2003,193,13,923
60,2003-07-28,2003,209,14,939
61,2003-08-13,2003,225,15,955
62,2003-08-29,2003,241,16,971
63,2003-09-14,2003,257,17,987
64,2003-09-30,2003,273,18,1003
65,2003-10-16,2003,289,19,1019
66,2003-11-01,2003,305,20,1035
67,2003-11-17,2003,321,21,1051
68,2003-12-03,2003,337,22,1067
69,2003-12-19,2003,353,23,1083
70,2004-01-01,2004,1,1,1096
71,2004-01-17,2004,17,2,1112
72,2004-02-02,2004,33,3,1128
73,2004-02-18,2004,49,4,1144
74,2004-03-05,2004,65,5,1160
75,2004-03-21,2004,81,6,1176
76,2004-04-06,2004,97,7,1192
77,2004-04-22,2004,113,8,1208
78,2004-05-08,2004,129,9,1224
79,2004-05-24,2004,145,10,1240
80,2004-06-09,2004,161,11,1256
81,2004-06-25,2004,177,12,1272
82,2004-07-11,2004,193,13,1288
83,2004-07-27,2004,209,14,1304
84,2004-08-12,2004,225,15,1320
85,2004-08-28,2004,241,16,1336
86,2004-09-13,2004,257,17,1352
87,2004-09-29,2004,273,18,1368
88,2004-10-15,2004,289,19,1384
89,2004-10-31,2004,305,20,1400
90,2004-11-16,2004,321,21,1416
91,2004-12-02,2004,337,22,1432
92,2004-12-18,2004,353,23,1448
93,2005-01-01,2005,1,1,1462
94,2005-01-17,2005,17,2,1478
95,2005-02-02,2005,33,3,1494
96,2005-02-18,2005,49,4,1510
97,2005-03-06,2005,65,5,1526
98,2005-03-22,2005,81,6,1542
99,2005-04-07,2005,97,7,1558
100,2005-04-23,2005,113,8,1574
101,2005-05-09,2005,129,9,1590
102,2005-05-25,2005,145,10,1606
103,2005-06-10,2005,161,11,1622
104,2005-06-26,2005,177,12,1638
105,2005-07-12,2005,193,13,1654
106,2005-07-28,2005,209,14,1670
107,2005-08-13,2005,225,15,1686
108,2005-08-29,2005,241,16,1702
109,2005-09-14,2005,257,17,1718
110,2005-09-30,2005,273,18,1734
111,2005-10-16,2005,289,19,1750
112,2005-11-01,2005,305,20,1766
113,2005-11-17,2005,321,21,1782
114,2005-12-03,2005,337,22,1798
115,2005-12-19,2005,353,23,1814
116,2006-01-01,2006,1,1,1827
117,2006-01-17,2006,17,2,1843
118,2006-02-02,2006,33,3,1859
119,2006-02-18,2006,49,4,1875
120,2006-03-06,2006,65,5,1891
121,2006-03-22,2006,81,6,1907
122,2006-04-07,2006,97,7,1923
123,2006-04-23,2006,113,8,1939
124,2006-05-09,2006,129,9,1955
125,2006-05-25,2006,145,10,1971
126,2006-06-10,2006,161,11,1987
127,2006-06-26,2006,177,12,2003
128,2006-07-12,2006,193,13,2019
129,2006-07-28,2006,209,14,2035
130,2006-08-13,2006,225,15,2051
131,2006-08-29,2006,241,16,2067
132,2006-09-14,2006,257,17,2083
133,2006-09-30,2006,273,18,2099
134,2006-10-16,2006,289,19,2115
135,2006-11-01,2006,305,20,2131
136,2006-11-17,2006,321,21,2147
137,2006-12-03,2006,337,22,2163
138,2006-12-19,2006,353,23,2179
139,2007-01-01,2007,1,1,2192
140,2007-01-17,2007,17,2,2208
141,2007-02-02,2007,33,3,2224
142,2007-02-18,2007,49,4,2240
143,2007-03-06,2007,65,5,2256
144,2007-03-22,2007,81,6,2272
145,2007-04-07,2007,97,7,2288
146,2007-04-23,2007,113,8,2304
147,2007-05-09,2007,129,9,2320
148,2007-05-25,2007,145,10,2336
149,2007-06-10,2007,161,11,2352
150,2007-06-26,2007,177,12,2368
151,2007-07-12,2007,193,13,2384
152,2007-07-28,2007,209,14,2400
153,2007-08-13,2007,225,15,2416
154,2007-08-29,2007,241,16,2432
155,2007-09-14,2007,257,17,2448
156,2007-09-30,2007,273,18,2464
157,2007-10-16,2007,289,19,2480
158,2007-11-01,2007,305,20,2496
159,2007-11-17,2007,321,21,2512
160,2007-12-03,2007,337,22,2528
161,2007-12-19,2007,353,23,2544
162,2008-01-01,2008,1,1,2557
163,2008-01-17,2008,17,2,2573
164,2008-02-02,2008,33,3,2589
165,2008-02-18,2008,49,4,2605
166,2008-03-05,2008,65,5,2621
167,2008-03-21,2008,81,6,2637
168,2008-04-06,2008,97,7,2653
169,2008-04-22,2008,113,8,2669
170,2008-05-08,2008,129,9,2685
171,2008-05-24,2008,145,10,2701
172,2008-06-09,2008,161,11,2717
173,2008-06-25,2008,177,12,2733
174,2008-07-11,2008,193,13,2749
175,2008-07-27,2008,209,14,2765
176,2008-08-12,2008,225,15,2781
177,2008-08-28,2008,241,16,2797
178,2008-09-13,2008,257,17,2813
179,2008-09-29,2008,273,18,2829
180,2008-10-15,2008,289,19,2845
181,2008-10-31,2008,305,20,2861
182,2008-11-16,2008,321,21,2877
183,2008-12-02,2008,337,22,2893
184,2008-12-18,2008,353,23,2909
185,2009-01-01,2009,1,1,2923
186,2009-01-17,2009,17,2,2939
187,2009-02-02,2009,33,3,2955
188,2009-02-18,2009,49,4,2971
189,2009-03-06,2009,65,5,2987
190,2009-03-22,2009,81,6,3003
191,2009-04-07,2009,97,7,3019
192,2009-04-23,2009,113,8,3035
193,2009-05-09,2009,129,9,3051
194,2009-05-25,2009,145,10,3067
195,2009-06-10,2009,161,11,3083
196,2009-06-26,2009,177,12,3099
197,2009-07-12,2009,193,13,3115
198,2009-07-28,2009,209,14,3131
199,2009-08-13,2009,225,15,3147
200,2009-08-29,2009,241,16,3163
201,2009-09-14,2009,257,17,3179
202,2009-09-30,2009,273,18,3195
203,2009-10-16,2009,289,19,3211
204,2009-11-01,2009,305,20,3227
205,2009-11-17,2009,321,21,3243
206,2009-12-03,2009,337,22,3259
207,2009-12-19,2009,353,23,3275
208,2010-01-01,2010,1,1,3288
209,2010-01-17,2010,17,2,3304
210,2010-02-02,2010,33,3,3320
211,2010-02-18,2010,49,4,3336
212,2010-03-06,2010,65,5,3352
213,2010-03-22,2010,81,6,3368
214,2010-04-07,2010,97,7,3384
215,2010-04-23,2010,113,8,3400
216,2010-05-09,2010,129,9,3416
217,2010-05-25,2010,145,10,3432
218,2010-06-10,2010,161,11,3448
219,2010-06-26,2010,177,12,3464
220,2010-07-12,2010,193,13,3480
221,2010-07-28,2010,209,14,3496
222,2010-08-13,2010,225,15,3512
223,2010-08-29,2010,241,16,3528
224,2010-09-14,2010,257,17,3544
225,2010-09-30,2010,273,18,3560
226,2010-10-16,2010,289,19,3576
227,2010-11-01,2010,305,20,3592
228,2010-11-17,2010,321,21,3608
229,2010-12-03,2010,337,22,3624
230,2010-12-19,2010,353,23,3640
231,2011-01-01,2011,1,1,3653
232,2011-01-17,2011,17,2,3669
233,2011-02-02,2011,33,3,3685
234,2011-02-18,2011,49,4,3701
235,2011-03-06,2011,65,5,3717
236,2011-03-22,2011,81,6,3733
237,2011-04-07,2011,97,7,3749
238,2011-04-23,2011,113,8,3765
239,2011-05-09,2011,129,9,3781
240,2011-05-25,2011,145,10,3797
241,2011-06-10,2011,161,11,3813
242,2011-06-26,2011,177,12,3829
243,2011-07-12,2011,193,13,3845
244,2011-07-28,2011,209,14,3861
245,2011-08-13,2011,225,15,3877
246,2011-08-29,2011,241,16,3893
247,2011-09-14,2011,257,17,3909
248,2011-09-30,2011,273,18,3925
249,2011-10-16,2011,289,19,3941
250,2011-11-01,2011,305,20,3957
251,2011-11-17,2011,321,21,3973
252,2011-12-03,2011,337,22,3989
253,2011-12-19,2011,353,23,4005
254,2012-01-01,2012,1,1,4018
255,2012-01-17,2012,17,2,4034
256,2012-02-02,2012,33,3,4050
257,2012-02-18,2012,49,4,4066
258,2012-03-05,2012,65,5,4082
259,2012-03-21,2012,81,6,4098
260,2012-04-06,2012,97,7,4114
261,2012-04-22,2012,113,8,4130
262,2012-05-08,2012,129,9,4146
263,2012-05-24,2012,145,10,4162
264,2012-06-09,2012,161,11,4178
265,2012-06-25,2012,177,12,4194
266,2012-07-11,2012,193,13,4210
267,2012-07-27,2012,209,14,4226
268,2012-08-12,2012,225,15,4242
269,2012-08-28,2012,241,16,4258
270,2012-09-13,2012,257,17,4274
271,2012-09-29,2012,273,18,4290
272,2012-10-15,2012,289,19,4306
273,2012-10-31,2012,305,20,4322
274,2012-11-16,2012,321,21,4338
275,2012-12-02,2012,337,22,4354
276,2012-12-18,2012,353,23,4370
277,2013-01-01,2013,1,1,4384
278,2013-01-17,2013,17,2,4400
279,2013-02-02,2013,33,3,4416
280,2013-02-18,2013,49,4,4432
281,2013-03-06,2013,65,5,4448
282,2013-03-22,2013,81,6,4464
283,2013-04-07,2013,97,7,4480
284,2013-04-23,2013,113,8,4496
285,2013-05-09,2013,129,9,4512
286,2013-05-25,2013,145,10,4528
287,2013-06-10,2013,161,11,4544
288,2013-06-26,2013,177,12,4560
289,2013-07-12,2013,193,13,4576
290,2013-07-28,2013,209,14,4592
291,2013-08-13,2013,225,15,4608
292,2013-08-29,2013,241,16,4624
293,2013-09-14,2013,257,17,4640
294,2013-09-30,2013,273,18,4656
295,2013-10-16,2013,289,19,4672
296,2013-11-01,2013,305,20,4688
297,2013-11-17,2013,321,21,4704
298,2013-12-03,2013,337,22,4720
299,2013-12-19,2013,353,23,4736
300,2014-01-01,2014,1,1,4749
301,2014-01-17,2014,17,2,4765
302,2014-02-02,2014,33,3,4781
303,2014-02-18,2014,49,4,4797
304,2014-03-06,2014,65,5,4813
305,2014-03-22,2014,81,6,4829
306,2014-04-07,2014,97,7,4845
307,2014-04-23,2014,113,8,4861
308,2014-05-09,2014,129,9,4877
309,2014-05-25,2014,145,10,4893
310,2014-06-10,2014,161,11,4909
311,2014-06-26,2014,177,12,4925
312,2014-07-12,2014,193,13,4941
313,2014-07-28,2014,209,14,4957
314,2014-08-13,2014,225,15,4973
315,2014-08-29,2014,241,16,4989
316,2014-09-14,2014,257,17,5005
317,2014-09-30,2014,273,18,5021
318,2014-10-16,2014,289,19,5037
319,2014-11-01,2014,305,20,5053
320,2014-11-17,2014,321,21,5069
321,2014-12-03,2014,337,22,5085
322,2014-12-19,2014,353,23,5101
323,2015-01-01,2015,1,1,5114
324,2015-01-17,2015,17,2,5130
325,2015-02-02,2015,33,3,5146
326,2015-02-18,2015,49,4,5162
327,2015-03-06,2015,65,5,5178
328,2015-03-22,2015,81,6,5194
329,2015-04-07,2015,97,7,5210
330,2015-04-23,2015,113,8,5226
331,2015-05-09,2015,129,9,5242
332,2015-05-25,2015,145,10,5258
333,2015-06-10,2015,161,11,5274
334,2015-06-26,2015,177,12,5290
335,2015-07-12,2015,193,13,5306
336,2015-07-28,2015,209,14,5322
337,2015-08-13,2015,225,15,5338
338,2015-08-29,2015,241,16,5354
339,2015-09-14,2015,257,17,5370
340,2015-09-30,2015,273,18,5386
341,2015-10-16,2015,289,19,5402
342,2015-11-01,2015,305,20,5418
343,2015-11-17,2015,321,21,5434
344,2015-12-03,2015,337,22,5450
345,2015-12-19,2015,353,23,5466
346,2016-01-01,2016,1,1,5479
347,2016-01-17,2016,17,2,5495
348,2016-02-02,2016,33,3,5511
349,2016-02-18,2016,49,4,5527
350,2016-03-05,2016,65,5,5543
351,2016-03-21,2016,81,6,5559
352,2016-04-06,2016,97,7,5575
353,2016-04-22,2016,113,8,5591
354,2016-05-08,2016,129,9,5607
355,2016-05-24,2016,145,10,5623
356,2016-06-09,2016,161,11,5639
357,2016-06-25,2016,177,12,5655
358,2016-07-11,2016,193,13,5671
359,2016-07-27,2016,209,14,5687
360,2016-08-12,2016,225,15,5703
361,2016-08-28,2016,241,16,5719
362,2016-09-13,2016,257,17,5735
363,2016-09-29,2016,273,18,5751
364,2016-10-15,2016,289,19,5767
365,2016-10-31,2016,305,20,5783
366,2016-11-16,2016,321,21,5799
367,2016-12-02,2016,337,22,5815
368,2016-12-18,2016,353,23,5831
369,2017-01-01,2017,1,1,5845
370,2017-01-17,2017,17,2,5861
371,2017-02-02,2017,33,3,5877
372,2017-02-18,2017,49,4,5893
373,2017-03-06,2017,65,5,5909
374,2017-03-22,2017,81,6,5925
375,2017-04-07,2017,97,7,5941
376,2017-04-23,2017,113,8,5957
377,2017-05-09,2017,129,9,5973
378,2017-05-25,2017,145,10,5989
379,2017-06-10,2017,161,11,6005
380,2017-06-26,2017,177,12,6021
381,2017-07-12,2017,193,13,6037
382,2017-07-28,2017,209,14,6053
383,2017-08-13,2017,225,15,6069
384,2017-08-29,2017,241,16,6085
385,2017-09-14,2017,257,17,6101
386,2017-09-30,2017,273,18,6117
387,2017-10-16,2017,289,19,6133
388,2017-11-01,2017,305,20,6149
389,2017-11-17,2017,321,21,6165
390,2017-12-03,2017,337,22,6181
391,2017-12-19,2017,353,23,6197
392,2018-01-01,2018,1,1,6210
393,2018-01-17,2018,17,2,6226
394,2018-02-02,2018,33,3,6242
395,2018-02-18,2018,49,4,6258
396,2018-03-06,2018,65,5,6274
397,2018-03-22,2018,81,6,6290
398,2018-04-07,2018,97,7,6306
399,2018-04-23,2018,113,8,6322
400,2018-05-09,2018,129,9,6338
401,2018-05-25,2018,145,10,6354
402,2018-06-10,2018,161,11,6370
403,2018-06-26,2018,177,12,6386
404,2018-07-12,2018,193,13,6402
405,2018-07-28,2018,209,14,6418
406,2018-08-13,2018,225,15,6434
407,2018-08-29,2018,241,16,6450
408,2018-09-14,2018,257,17,6466
409,2018-09-30,2018,273,18,6482
410,2018-10-16,2018,289,19,6498
411,2018-11-01,2018,305,20,6514
412,2018-11-17,2018,321,21,6530
413,2018-12-03,2018,337,22,6546
414,2018-12-19,2018,353,23,6562
415,2019-01-01,2019,1,1,6575
416,2019-01-17,2019,17,2,6591
417,2019-02-02,2019,33,3,6607
418,2019-02-18,2019,49,4,6623
419,2019-03-06,2019,65,5,6639
420,2019-03-22,2019,81,6,6655
421,2019-04-07,2019,97,7,6671
422,2019-04-23,2019,113,8,6687
423,2019-05-09,2019,129,9,6703
424,2019-05-25,2019,145,10,6719
425,2019-06-10,2019,161,11,6735
426,2019-06-26,2019,177,12,6751
427,2019-07-12,2019,193,13,6767
428,2019-07-28,2019,209,14,6783
429,2019-08-13,2019,225,15,6799
430,2019-08-29,2019,241,16,6815
431,2019-09-14,2019,257,17,6831
432,2019-09-30,2019,273,18,6847
433,2019-10-16,2019,289,19,6863
434,2019-11-01,2019,305,20,6879
435,2019-11-17,2019,321,21,6895
436,2019-12-03,2019,337,22,6911
437,2019-12-19,2019,353,23,6927
438,2020-01-01,2020,1,1,6940
439,2020-01-17,2020,17,2,6956
440,2020-02-02,2020,33,3,6972
441,2020-02-18,2020,49,4,6988
442,2020-03-05,2020,65,5,7004
443,2020-03-21,2020,81,6,7020
444,2020-04-06,2020,97,7,7036
445,2020-04-22,2020,113,8,7052
446,2020-05-08,2020,129,9,7068
447,2020-05-24,2020,145,10,7084
448,2020-06-09,2020,161,11,7100
449,2020-06-25,2020,177,12,7116
450,2020-07-11,2020,193,13,7132
451,2020-07-27,2020,209,14,7148
452,2020-08-12,2020,225,15,7164
453,2020-08-28,2020,241,16,7180
454,2020-09-13,2020,257,17,7196
455,2020-09-29,2020,273,18,7212
456,2020-10-15,2020,289,19,7228
457,2020-10-31,2020,305,20,7244
458,2020-11-16,2020,321,21,7260
459,2020-12-02,2020,337,22,7276
460,2020-12-18,2020,353,23,7292
461,2021-01-01,2021,1,1,7306
462,2021-01-17,2021,17,2,7322
463,2021-02-02,2021,33,3,7338
464,2021-02-18,2021,49,4,7354
465,2021-03-06,2021,65,5,7370
466,2021-03-22,2021,81,6,7386
467,2021-04-07,2021,97,7,7402
468,2021-04-23,2021,113,8,7418
469,2021-05-09,2021,129,9,7434
470,2021-05-25,2021,145,10,7450
471,2021-06-10,2021,161,11,7466
472,2021-06-26,2021,177,12,7482
473,2021-07-12,2021,193,13,7498
474,2021-07-28,2021,209,14,7514
475,2021-08-13,2021,225,15,7530
476,2021-08-29,2021,241,16,7546
477,2021-09-14,2021,257,17,7562
478,2021-09-30,2021,273,18,7578
479,2021-10-16,2021,289,19,7594
480,2021-11-01,2021,305,20,7610
481,2021-11-17,2021,321,21,7626
482,2021-12-03,2021,337,22,7642
483,2021-12-19,2021,353,23,7658
484,2022-01-01,2022,1,1,7671
485,2022-01-17,2022,17,2,7687
486,2022-02-02,2022,33,3,7703
487,2022-02-18,2022,49,4,7719
488,2022-03-06,2022,65,5,7735
489,2022-03-22,2022,81,6,7751
490,2022-04-07,2022,97,7,7767
491,2022-04-23,2022,113,8,7783
492,2022-05-09,2022,129,9,7799
493,2022-05-25,2022,145,10,7815
494,2022-06-10,2022,161,11,7831
495,2022-06-26,2022,177,12,7847
496,2022-07-12,2022,193,13,7863
497,2022-07-28,2022,209,14,7879
498,2022-08-13,2022,225,15,7895
499,2022-08-29,2022,241,16,7911
500,2022-09-14,2022,257,17,7927
501,2022-09-30,2022,273,18,7943
502,2022-10-16,2022,289,19,7959
503,2022-11-01,2022,305,20,7975
504,2022-11-17,2022,321,21,7991
505,2022-12-03,2022,337,22,8007
506,2022-12-19,2022,353,23,8023
507,2023-01-01,2023,1,1,8036
508,2023-01-17,2023,17,2,8052
509,2023-02-02,2023,33,3,8068
510,2023-02-18,2023,49,4,8084
511,2023-03-06,2023,65,5,8100
512,2023-03-22,2023,81,6,8116
513,2023-04-07,2023,97,7,8132
514,2023-04-23,2023,113,8,8148
515,2023-05-09,2023,129,9,8164
516,2023-05-25,2023,145,10,8180
517,2023-06-10,2023,161,11,8196
518,2023-06-26,2023,177,12,8212
519,2023-07-12,2023,193,13,8228
520,2023-07-28,2023,209,14,8244
521,2023-08-13,2023,225,15,8260
522,2023-08-29,2023,241,16,8276
523,2023-09-14,2023,257,17,8292
524,2023-09-30,2023,273,18,8308
525,2023-10-16,2023,289,19,8324
526,2023-11-01,2023,305,20,8340
527,2023-11-17,2023,321,21,8356
528,2023-12-03,2023,337,22,8372
529,2023-12-19,2023,353,23,8388
530,2024-01-01,2024,1,1,8401
531,2024-01-17,2024,17,2,8417
532,2024-02-02,2024,33,3,8433
533,2024-02-18,2024,49,4,8449
534,2024-03-05,2024,65,5,8465
535,2024-03-21,2024,81,6,8481
536,2024-04-06,2024,97,7,8497
537,2024-04-22,2024,113,8,8513
538,2024-05-08,2024,129,9,8529
539,2024-05-24,2024,145,10,8545
540,2024-06-09,2024,161,11,8561
541,2024-06-25,2024,177,12,8577
542,2024-07-11,2024,193,13,8593
543,2024-07-27,2024,209,14,8609
544,2024-08-12,2024,225,15,8625
545,2024-08-28,2024,241,16,8641
546,2024-09-13,2024,257,17,8657
547,2024-09-29,2024,273,18,8673
548,2024-10-15,2024,289,19,8689
549,2024-10-31,2024,305,20,8705
550,2024-11-16,2024,321,21,8721
551,2024-12-02,2024,337,22,8737
552,2024-12-18,2024,353,23,8753
553,2025-01-01,2025,1,1,8767
554,2025-01-17,2025,17,2,8783
555,2025-02-02,2025,33,3,8799
556,2025-02-18,2025,49,4,8815
557,2025-03-06,2025,65,5,8831
558,2025-03-22,2025,81,6,8847
559,2025-04-07,2025,97,7,8863
560,2025-04-23,2025,113,8,8879
561,2025-05-09,2025,129,9,8895
562,2025-05-25,2025,145,10,8911
563,2025-06-10,2025,161,11,8927
564,2025-06-26,2025,177,12,8943
565,2025-07-12,2025,193,13,8959
566,2025-07-28,2025,209,14,8975
567,2025-08-13,2025,225,15,8991
568,2025-08-29,2025,241,16,9007
569,2025-09-14,2025,257,17,9023
570,2025-09-30,2025,273,18,9039
571,2025-10-16,2025,289,19,9055
572,2025-11-01,2025,305,20,9071
573,2025-11-17,2025,321,21,9087
574,2025-12-03,2025,337,22,9103
575,2025-12-19,2025,353,23,9119
